query,trade,city,state
plumber in Apache Junction AZ,plumber,Apache Junction,AZ
landscaper in Apache Junction AZ,landscaper,Apache Junction,AZ
water heater repair in Apache Junction AZ,water_heater_repair,Apache Junction,AZ
plumber in Avondale AZ,plumber,Avondale,AZ
landscaper in Avondale AZ,landscaper,Avondale,AZ
water heater repair in Avondale AZ,water_heater_repair,Avondale,AZ
plumber in Benson AZ,plumber,Benson,AZ
landscaper in Benson AZ,landscaper,Benson,AZ
water heater repair in Benson AZ,water_heater_repair,Benson,AZ
plumber in Bisbee AZ,plumber,Bisbee,AZ
landscaper in Bisbee AZ,landscaper,Bisbee,AZ
water heater repair in Bisbee AZ,water_heater_repair,Bisbee,AZ
plumber in Buckeye AZ,plumber,Buckeye,AZ
landscaper in Buckeye AZ,landscaper,Buckeye,AZ
water heater repair in Buckeye AZ,water_heater_repair,Buckeye,AZ
plumber in Bullhead City AZ,plumber,Bullhead City,AZ
landscaper in Bullhead City AZ,landscaper,Bullhead City,AZ
water heater repair in Bullhead City AZ,water_heater_repair,Bullhead City,AZ
plumber in Camp Verde AZ,plumber,Camp Verde,AZ
landscaper in Camp Verde AZ,landscaper,Camp Verde,AZ
water heater repair in Camp Verde AZ,water_heater_repair,Camp Verde,AZ
plumber in Carefree AZ,plumber,Carefree,AZ
landscaper in Carefree AZ,landscaper,Carefree,AZ
water heater repair in Carefree AZ,water_heater_repair,Carefree,AZ
plumber in Casa Grande AZ,plumber,Casa Grande,AZ
landscaper in Casa Grande AZ,landscaper,Casa Grande,AZ
water heater repair in Casa Grande AZ,water_heater_repair,Casa Grande,AZ
plumber in Cave Creek AZ,plumber,Cave Creek,AZ
landscaper in Cave Creek AZ,landscaper,Cave Creek,AZ
water heater repair in Cave Creek AZ,water_heater_repair,Cave Creek,AZ
plumber in Chandler AZ,plumber,Chandler,AZ
landscaper in Chandler AZ,landscaper,Chandler,AZ
water heater repair in Chandler AZ,water_heater_repair,Chandler,AZ
plumber in Chino Valley AZ,plumber,Chino Valley,AZ
landscaper in Chino Valley AZ,landscaper,Chino Valley,AZ
water heater repair in Chino Valley AZ,water_heater_repair,Chino Valley,AZ
plumber in Clarkdale AZ,plumber,Clarkdale,AZ
landscaper in Clarkdale AZ,landscaper,Clarkdale,AZ
water heater repair in Clarkdale AZ,water_heater_repair,Clarkdale,AZ
plumber in Clifton AZ,plumber,Clifton,AZ
landscaper in Clifton AZ,landscaper,Clifton,AZ
water heater repair in Clifton AZ,water_heater_repair,Clifton,AZ
plumber in Colorado City AZ,plumber,Colorado City,AZ
landscaper in Colorado City AZ,landscaper,Colorado City,AZ
water heater repair in Colorado City AZ,water_heater_repair,Colorado City,AZ
plumber in Coolidge AZ,plumber,Coolidge,AZ
landscaper in Coolidge AZ,landscaper,Coolidge,AZ
water heater repair in Coolidge AZ,water_heater_repair,Coolidge,AZ
plumber in Cottonwood AZ,plumber,Cottonwood,AZ
landscaper in Cottonwood AZ,landscaper,Cottonwood,AZ
water heater repair in Cottonwood AZ,water_heater_repair,Cottonwood,AZ
plumber in Dewey-Humboldt AZ,plumber,Dewey-Humboldt,AZ
landscaper in Dewey-Humboldt AZ,landscaper,Dewey-Humboldt,AZ
water heater repair in Dewey-Humboldt AZ,water_heater_repair,Dewey-Humboldt,AZ
plumber in Douglas AZ,plumber,Douglas,AZ
landscaper in Douglas AZ,landscaper,Douglas,AZ
water heater repair in Douglas AZ,water_heater_repair,Douglas,AZ
plumber in Duncan AZ,plumber,Duncan,AZ
landscaper in Duncan AZ,landscaper,Duncan,AZ
water heater repair in Duncan AZ,water_heater_repair,Duncan,AZ
plumber in Eagar AZ,plumber,Eagar,AZ
landscaper in Eagar AZ,landscaper,Eagar,AZ
water heater repair in Eagar AZ,water_heater_repair,Eagar,AZ
plumber in El Mirage AZ,plumber,El Mirage,AZ
landscaper in El Mirage AZ,landscaper,El Mirage,AZ
water heater repair in El Mirage AZ,water_heater_repair,El Mirage,AZ
plumber in Eloy AZ,plumber,Eloy,AZ
landscaper in Eloy AZ,landscaper,Eloy,AZ
water heater repair in Eloy AZ,water_heater_repair,Eloy,AZ
plumber in Flagstaff AZ,plumber,Flagstaff,AZ
landscaper in Flagstaff AZ,landscaper,Flagstaff,AZ
water heater repair in Flagstaff AZ,water_heater_repair,Flagstaff,AZ
plumber in Florence AZ,plumber,Florence,AZ
landscaper in Florence AZ,landscaper,Florence,AZ
water heater repair in Florence AZ,water_heater_repair,Florence,AZ
plumber in Fountain Hills AZ,plumber,Fountain Hills,AZ
landscaper in Fountain Hills AZ,landscaper,Fountain Hills,AZ
water heater repair in Fountain Hills AZ,water_heater_repair,Fountain Hills,AZ
plumber in Fredonia AZ,plumber,Fredonia,AZ
landscaper in Fredonia AZ,landscaper,Fredonia,AZ
water heater repair in Fredonia AZ,water_heater_repair,Fredonia,AZ
plumber in Gila Bend AZ,plumber,Gila Bend,AZ
landscaper in Gila Bend AZ,landscaper,Gila Bend,AZ
water heater repair in Gila Bend AZ,water_heater_repair,Gila Bend,AZ
plumber in Gilbert AZ,plumber,Gilbert,AZ
landscaper in Gilbert AZ,landscaper,Gilbert,AZ
water heater repair in Gilbert AZ,water_heater_repair,Gilbert,AZ
plumber in Glendale AZ,plumber,Glendale,AZ
landscaper in Glendale AZ,landscaper,Glendale,AZ
water heater repair in Glendale AZ,water_heater_repair,Glendale,AZ
plumber in Globe AZ,plumber,Globe,AZ
landscaper in Globe AZ,landscaper,Globe,AZ
water heater repair in Globe AZ,water_heater_repair,Globe,AZ
plumber in Goodyear AZ,plumber,Goodyear,AZ
landscaper in Goodyear AZ,landscaper,Goodyear,AZ
water heater repair in Goodyear AZ,water_heater_repair,Goodyear,AZ
plumber in Guadalupe AZ,plumber,Guadalupe,AZ
landscaper in Guadalupe AZ,landscaper,Guadalupe,AZ
water heater repair in Guadalupe AZ,water_heater_repair,Guadalupe,AZ
plumber in Hayden AZ,plumber,Hayden,AZ
landscaper in Hayden AZ,landscaper,Hayden,AZ
water heater repair in Hayden AZ,water_heater_repair,Hayden,AZ
plumber in Holbrook AZ,plumber,Holbrook,AZ
landscaper in Holbrook AZ,landscaper,Holbrook,AZ
water heater repair in Holbrook AZ,water_heater_repair,Holbrook,AZ
plumber in Huachuca City AZ,plumber,Huachuca City,AZ
landscaper in Huachuca City AZ,landscaper,Huachuca City,AZ
water heater repair in Huachuca City AZ,water_heater_repair,Huachuca City,AZ
plumber in Jerome AZ,plumber,Jerome,AZ
landscaper in Jerome AZ,landscaper,Jerome,AZ
water heater repair in Jerome AZ,water_heater_repair,Jerome,AZ
plumber in Kearny AZ,plumber,Kearny,AZ
landscaper in Kearny AZ,landscaper,Kearny,AZ
water heater repair in Kearny AZ,water_heater_repair,Kearny,AZ
plumber in Kingman AZ,plumber,Kingman,AZ
landscaper in Kingman AZ,landscaper,Kingman,AZ
water heater repair in Kingman AZ,water_heater_repair,Kingman,AZ
plumber in Lake Havasu City AZ,plumber,Lake Havasu City,AZ
landscaper in Lake Havasu City AZ,landscaper,Lake Havasu City,AZ
water heater repair in Lake Havasu City AZ,water_heater_repair,Lake Havasu City,AZ
plumber in Litchfield Park AZ,plumber,Litchfield Park,AZ
landscaper in Litchfield Park AZ,landscaper,Litchfield Park,AZ
water heater repair in Litchfield Park AZ,water_heater_repair,Litchfield Park,AZ
plumber in Mammoth AZ,plumber,Mammoth,AZ
landscaper in Mammoth AZ,landscaper,Mammoth,AZ
water heater repair in Mammoth AZ,water_heater_repair,Mammoth,AZ
plumber in Marana AZ,plumber,Marana,AZ
landscaper in Marana AZ,landscaper,Marana,AZ
water heater repair in Marana AZ,water_heater_repair,Marana,AZ
plumber in Maricopa AZ,plumber,Maricopa,AZ
landscaper in Maricopa AZ,landscaper,Maricopa,AZ
water heater repair in Maricopa AZ,water_heater_repair,Maricopa,AZ
plumber in Mesa AZ,plumber,Mesa,AZ
landscaper in Mesa AZ,landscaper,Mesa,AZ
water heater repair in Mesa AZ,water_heater_repair,Mesa,AZ
plumber in Miami AZ,plumber,Miami,AZ
landscaper in Miami AZ,landscaper,Miami,AZ
water heater repair in Miami AZ,water_heater_repair,Miami,AZ
plumber in Nogales AZ,plumber,Nogales,AZ
landscaper in Nogales AZ,landscaper,Nogales,AZ
water heater repair in Nogales AZ,water_heater_repair,Nogales,AZ
plumber in Oro Valley AZ,plumber,Oro Valley,AZ
landscaper in Oro Valley AZ,landscaper,Oro Valley,AZ
water heater repair in Oro Valley AZ,water_heater_repair,Oro Valley,AZ
plumber in Page AZ,plumber,Page,AZ
landscaper in Page AZ,landscaper,Page,AZ
water heater repair in Page AZ,water_heater_repair,Page,AZ
plumber in Paradise Valley AZ,plumber,Paradise Valley,AZ
landscaper in Paradise Valley AZ,landscaper,Paradise Valley,AZ
water heater repair in Paradise Valley AZ,water_heater_repair,Paradise Valley,AZ
plumber in Parker AZ,plumber,Parker,AZ
landscaper in Parker AZ,landscaper,Parker,AZ
water heater repair in Parker AZ,water_heater_repair,Parker,AZ
plumber in Patagonia AZ,plumber,Patagonia,AZ
landscaper in Patagonia AZ,landscaper,Patagonia,AZ
water heater repair in Patagonia AZ,water_heater_repair,Patagonia,AZ
plumber in Payson AZ,plumber,Payson,AZ
landscaper in Payson AZ,landscaper,Payson,AZ
water heater repair in Payson AZ,water_heater_repair,Payson,AZ
plumber in Peoria AZ,plumber,Peoria,AZ
landscaper in Peoria AZ,landscaper,Peoria,AZ
water heater repair in Peoria AZ,water_heater_repair,Peoria,AZ
plumber in Phoenix AZ,plumber,Phoenix,AZ
landscaper in Phoenix AZ,landscaper,Phoenix,AZ
water heater repair in Phoenix AZ,water_heater_repair,Phoenix,AZ
plumber in Pima AZ,plumber,Pima,AZ
landscaper in Pima AZ,landscaper,Pima,AZ
water heater repair in Pima AZ,water_heater_repair,Pima,AZ
plumber in Pinetop-Lakeside AZ,plumber,Pinetop-Lakeside,AZ
landscaper in Pinetop-Lakeside AZ,landscaper,Pinetop-Lakeside,AZ
water heater repair in Pinetop-Lakeside AZ,water_heater_repair,Pinetop-Lakeside,AZ
plumber in Prescott AZ,plumber,Prescott,AZ
landscaper in Prescott AZ,landscaper,Prescott,AZ
water heater repair in Prescott AZ,water_heater_repair,Prescott,AZ
plumber in Prescott Valley AZ,plumber,Prescott Valley,AZ
landscaper in Prescott Valley AZ,landscaper,Prescott Valley,AZ
water heater repair in Prescott Valley AZ,water_heater_repair,Prescott Valley,AZ
plumber in Quartzsite AZ,plumber,Quartzsite,AZ
landscaper in Quartzsite AZ,landscaper,Quartzsite,AZ
water heater repair in Quartzsite AZ,water_heater_repair,Quartzsite,AZ
plumber in Queen Creek AZ,plumber,Queen Creek,AZ
landscaper in Queen Creek AZ,landscaper,Queen Creek,AZ
water heater repair in Queen Creek AZ,water_heater_repair,Queen Creek,AZ
plumber in Safford AZ,plumber,Safford,AZ
landscaper in Safford AZ,landscaper,Safford,AZ
water heater repair in Safford AZ,water_heater_repair,Safford,AZ
plumber in Sahuarita AZ,plumber,Sahuarita,AZ
landscaper in Sahuarita AZ,landscaper,Sahuarita,AZ
water heater repair in Sahuarita AZ,water_heater_repair,Sahuarita,AZ
plumber in San Luis AZ,plumber,San Luis,AZ
landscaper in San Luis AZ,landscaper,San Luis,AZ
water heater repair in San Luis AZ,water_heater_repair,San Luis,AZ
plumber in San Tan Valley AZ,plumber,San Tan Valley,AZ
landscaper in San Tan Valley AZ,landscaper,San Tan Valley,AZ
water heater repair in San Tan Valley AZ,water_heater_repair,San Tan Valley,AZ
plumber in Scottsdale AZ,plumber,Scottsdale,AZ
landscaper in Scottsdale AZ,landscaper,Scottsdale,AZ
water heater repair in Scottsdale AZ,water_heater_repair,Scottsdale,AZ
plumber in Sedona AZ,plumber,Sedona,AZ
landscaper in Sedona AZ,landscaper,Sedona,AZ
water heater repair in Sedona AZ,water_heater_repair,Sedona,AZ
plumber in Show Low AZ,plumber,Show Low,AZ
landscaper in Show Low AZ,landscaper,Show Low,AZ
water heater repair in Show Low AZ,water_heater_repair,Show Low,AZ
plumber in Sierra Vista AZ,plumber,Sierra Vista,AZ
landscaper in Sierra Vista AZ,landscaper,Sierra Vista,AZ
water heater repair in Sierra Vista AZ,water_heater_repair,Sierra Vista,AZ
plumber in Snowflake AZ,plumber,Snowflake,AZ
landscaper in Snowflake AZ,landscaper,Snowflake,AZ
water heater repair in Snowflake AZ,water_heater_repair,Snowflake,AZ
plumber in Somerton AZ,plumber,Somerton,AZ
landscaper in Somerton AZ,landscaper,Somerton,AZ
water heater repair in Somerton AZ,water_heater_repair,Somerton,AZ
plumber in South Tucson AZ,plumber,South Tucson,AZ
landscaper in South Tucson AZ,landscaper,South Tucson,AZ
water heater repair in South Tucson AZ,water_heater_repair,South Tucson,AZ
plumber in Springerville AZ,plumber,Springerville,AZ
landscaper in Springerville AZ,landscaper,Springerville,AZ
water heater repair in Springerville AZ,water_heater_repair,Springerville,AZ
plumber in St. Johns AZ,plumber,St. Johns,AZ
landscaper in St. Johns AZ,landscaper,St. Johns,AZ
water heater repair in St. Johns AZ,water_heater_repair,St. Johns,AZ
plumber in Star Valley AZ,plumber,Star Valley,AZ
landscaper in Star Valley AZ,landscaper,Star Valley,AZ
water heater repair in Star Valley AZ,water_heater_repair,Star Valley,AZ
plumber in Superior AZ,plumber,Superior,AZ
landscaper in Superior AZ,landscaper,Superior,AZ
water heater repair in Superior AZ,water_heater_repair,Superior,AZ
plumber in Surprise AZ,plumber,Surprise,AZ
landscaper in Surprise AZ,landscaper,Surprise,AZ
water heater repair in Surprise AZ,water_heater_repair,Surprise,AZ
plumber in Taylor AZ,plumber,Taylor,AZ
landscaper in Taylor AZ,landscaper,Taylor,AZ
water heater repair in Taylor AZ,water_heater_repair,Taylor,AZ
plumber in Tempe AZ,plumber,Tempe,AZ
landscaper in Tempe AZ,landscaper,Tempe,AZ
water heater repair in Tempe AZ,water_heater_repair,Tempe,AZ
plumber in Thatcher AZ,plumber,Thatcher,AZ
landscaper in Thatcher AZ,landscaper,Thatcher,AZ
water heater repair in Thatcher AZ,water_heater_repair,Thatcher,AZ
plumber in Tolleson AZ,plumber,Tolleson,AZ
landscaper in Tolleson AZ,landscaper,Tolleson,AZ
water heater repair in Tolleson AZ,water_heater_repair,Tolleson,AZ
plumber in Tombstone AZ,plumber,Tombstone,AZ
landscaper in Tombstone AZ,landscaper,Tombstone,AZ
water heater repair in Tombstone AZ,water_heater_repair,Tombstone,AZ
plumber in Tucson AZ,plumber,Tucson,AZ
landscaper in Tucson AZ,landscaper,Tucson,AZ
water heater repair in Tucson AZ,water_heater_repair,Tucson,AZ
plumber in Tusayan AZ,plumber,Tusayan,AZ
landscaper in Tusayan AZ,landscaper,Tusayan,AZ
water heater repair in Tusayan AZ,water_heater_repair,Tusayan,AZ
plumber in Wellton AZ,plumber,Wellton,AZ
landscaper in Wellton AZ,landscaper,Wellton,AZ
water heater repair in Wellton AZ,water_heater_repair,Wellton,AZ
plumber in Wickenburg AZ,plumber,Wickenburg,AZ
landscaper in Wickenburg AZ,landscaper,Wickenburg,AZ
water heater repair in Wickenburg AZ,water_heater_repair,Wickenburg,AZ
plumber in Willcox AZ,plumber,Willcox,AZ
landscaper in Willcox AZ,landscaper,Willcox,AZ
water heater repair in Willcox AZ,water_heater_repair,Willcox,AZ
plumber in Williams AZ,plumber,Williams,AZ
landscaper in Williams AZ,landscaper,Williams,AZ
water heater repair in Williams AZ,water_heater_repair,Williams,AZ
plumber in Winkelman AZ,plumber,Winkelman,AZ
landscaper in Winkelman AZ,landscaper,Winkelman,AZ
water heater repair in Winkelman AZ,water_heater_repair,Winkelman,AZ
plumber in Winslow AZ,plumber,Winslow,AZ
landscaper in Winslow AZ,landscaper,Winslow,AZ
water heater repair in Winslow AZ,water_heater_repair,Winslow,AZ
plumber in Youngtown AZ,plumber,Youngtown,AZ
landscaper in Youngtown AZ,landscaper,Youngtown,AZ
water heater repair in Youngtown AZ,water_heater_repair,Youngtown,AZ
plumber in Yuma AZ,plumber,Yuma,AZ
landscaper in Yuma AZ,landscaper,Yuma,AZ
water heater repair in Yuma AZ,water_heater_repair,Yuma,AZ
